日期,计划ID,计划名称,计划类型,品类,展现量,点击量,点击率,花费,平均点击花费,直接支付订单数,直接支付金额,间接支付订单数,间接支付金额,ROI
2025-07-01,camp_微_000,美妆爆款-精准人群,搜索推广,美妆,138357,5993,0.0433,5260.83,0.88,72,9198.68,15,1991.92,2.13
2025-07-01,camp_微_001,美妆新品-信息流,信息流,美妆,149591,3682,0.0246,3090.54,0.84,51,8234.91,7,944.02,2.97
2025-07-01,camp_微_002,食品特卖-直播推广,直播推广,食品,55288,2213,0.04,948.67,0.43,28,1864.73,6,359.46,2.34
2025-07-01,camp_微_003,电子数码-智能推荐,信息流,电子,51135,1342,0.0263,705.87,0.53,19,5683.0,2,651.84,8.97
2025-07-01,camp_微_004,电子旗舰-搜索推广,搜索推广,电子,89462,2931,0.0328,1232.34,0.42,25,9053.95,6,2276.93,9.19
2025-07-01,camp_微_005,服装上新-信息流,信息流,服装,89426,2584,0.0289,2039.94,0.79,64,11359.94,14,2396.43,6.74
2025-07-01,camp_微_006,服装大促-搜索推广,搜索推广,服装,81276,3380,0.0416,2285.3,0.68,41,6917.04,8,1277.42,3.59
2025-07-01,camp_微_007,食品健康-搜索推广,搜索推广,食品,77330,2500,0.0323,2371.46,0.95,47,2920.39,8,486.59,1.44
2025-07-02,camp_微_000,美妆爆款-精准人群,搜索推广,美妆,91248,2439,0.0267,2294.96,0.94,50,5557.73,9,1172.04,2.93
2025-07-02,camp_微_001,美妆新品-信息流,信息流,美妆,81030,2279,0.0281,1419.91,0.62,26,3834.99,5,774.55,3.25
2025-07-02,camp_微_002,食品特卖-直播推广,直播推广,食品,107144,3991,0.0373,3820.29,0.96,96,5847.85,18,1088.05,1.82
2025-07-02,camp_微_003,电子数码-智能推荐,信息流,电子,95573,2473,0.0259,1906.2,0.77,31,8695.87,6,2390.81,5.82
2025-07-02,camp_微_004,电子旗舰-搜索推广,搜索推广,电子,72643,2285,0.0315,1236.14,0.54,27,8492.63,2,668.08,7.41
2025-07-02,camp_微_005,服装上新-信息流,信息流,服装,51091,941,0.0184,1092.57,1.16,16,2271.26,3,493.48,2.53
2025-07-02,camp_微_006,服装大促-搜索推广,搜索推广,服装,123830,3296,0.0266,1561.95,0.47,42,7124.28,6,1026.77,5.22
2025-07-02,camp_微_007,食品健康-搜索推广,搜索推广,食品,72778,3072,0.0422,2598.28,0.85,76,4590.0,21,1166.37,2.22
2025-07-03,camp_微_000,美妆爆款-精准人群,搜索推广,美妆,86743,2671,0.0308,2464.08,0.92,42,5664.52,4,525.68,2.51
2025-07-03,camp_微_001,美妆新品-信息流,信息流,美妆,111137,4584,0.0412,4637.78,1.01,90,12650.81,25,3449.43,3.47
2025-07-03,camp_微_002,食品特卖-直播推广,直播推广,食品,146442,5656,0.0386,3215.25,0.57,50,2976.37,9,542.29,1.09
2025-07-03,camp_微_003,电子数码-智能推荐,信息流,电子,140244,4152,0.0296,3344.44,0.81,93,28240.46,11,3512.48,9.49
2025-07-03,camp_微_004,电子旗舰-搜索推广,搜索推广,电子,51394,1663,0.0324,1767.14,1.06,20,7140.12,4,1187.45,4.71
2025-07-03,camp_微_005,服装上新-信息流,信息流,服装,66476,1344,0.0202,1356.69,1.01,14,2094.54,3,501.89,1.91
2025-07-03,camp_微_006,服装大促-搜索推广,搜索推广,服装,88603,2754,0.0311,2153.55,0.78,59,9544.3,6,876.95,4.84
2025-07-03,camp_微_007,食品健康-搜索推广,搜索推广,食品,133646,2701,0.0202,2757.74,1.02,36,2199.8,10,491.09,0.98
2025-07-04,camp_微_000,美妆爆款-精准人群,搜索推广,美妆,128419,4168,0.0325,1965.9,0.47,36,4591.71,6,869.85,2.78
2025-07-04,camp_微_001,美妆新品-信息流,信息流,美妆,102547,3873,0.0378,3644.26,0.94,84,13299.56,8,974.49,3.92
2025-07-04,camp_微_002,食品特卖-直播推广,直播推广,食品,94440,2005,0.0212,966.72,0.48,24,1341.73,6,318.31,1.72
2025-07-04,camp_微_003,电子数码-智能推荐,信息流,电子,74464,1901,0.0255,1931.87,1.02,27,8919.17,4,1365.41,5.32
2025-07-04,camp_微_004,电子旗舰-搜索推广,搜索推广,电子,96707,2858,0.0296,1448.29,0.51,42,12949.71,4,1359.56,9.88
2025-07-04,camp_微_005,服装上新-信息流,信息流,服装,115928,4509,0.0389,2315.03,0.51,69,11912.18,12,1841.46,5.94
2025-07-04,camp_微_006,服装大促-搜索推广,搜索推广,服装,61376,2515,0.041,3006.47,1.2,21,3717.84,2,356.29,1.36
2025-07-04,camp_微_007,食品健康-搜索推广,搜索推广,食品,65285,1580,0.0242,1809.74,1.15,23,1254.91,4,243.04,0.83
2025-07-05,camp_微_000,美妆爆款-精准人群,搜索推广,美妆,118948,4030,0.0339,4390.33,1.09,65,12066.94,13,2049.48,3.22
2025-07-05,camp_微_001,美妆新品-信息流,信息流,美妆,111062,3457,0.0311,1604.17,0.46,60,7854.87,16,2052.14,6.18
2025-07-05,camp_微_002,食品特卖-直播推广,直播推广,食品,97671,2402,0.0246,1697.61,0.71,58,3152.97,9,472.99,2.14
2025-07-05,camp_微_003,电子数码-智能推荐,信息流,电子,65909,2468,0.0375,2246.11,0.91,23,5424.66,4,1182.01,2.94
2025-07-05,camp_微_004,电子旗舰-搜索推广,搜索推广,电子,114183,4969,0.0435,2753.96,0.55,82,28087.14,8,2721.75,11.19
2025-07-05,camp_微_005,服装上新-信息流,信息流,服装,67921,2280,0.0336,2331.14,1.02,44,6873.92,8,1217.03,3.47
2025-07-05,camp_微_006,服装大促-搜索推广,搜索推广,服装,71278,1406,0.0197,1023.99,0.73,32,5214.41,7,1165.22,6.23
2025-07-05,camp_微_007,食品健康-搜索推广,搜索推广,食品,133096,5502,0.0413,5190.3,0.94,59,3684.57,12,784.79,0.86
2025-07-06,camp_微_000,美妆爆款-精准人群,搜索推广,美妆,59599,2219,0.0372,1176.27,0.53,34,4826.39,5,622.5,4.63
2025-07-06,camp_微_001,美妆新品-信息流,信息流,美妆,63555,2185,0.0344,1210.67,0.55,43,5732.9,11,1302.85,5.81
2025-07-06,camp_微_002,食品特卖-直播推广,直播推广,食品,126688,5008,0.0395,5251.53,1.05,93,4535.53,21,1348.28,1.12
2025-07-06,camp_微_003,电子数码-智能推荐,信息流,电子,79435,2393,0.0301,2722.74,1.14,44,14135.98,7,1962.49,5.91
2025-07-06,camp_微_004,电子旗舰-搜索推广,搜索推广,电子,132399,3881,0.0293,3069.49,0.79,67,24753.48,15,5099.84,9.73
2025-07-06,camp_微_005,服装上新-信息流,信息流,服装,65309,2798,0.0428,3202.57,1.14,35,5076.24,7,1259.8,1.98
2025-07-06,camp_微_006,服装大促-搜索推广,搜索推广,服装,136489,4853,0.0356,4949.32,1.02,73,13304.31,19,3201.31,3.33
2025-07-06,camp_微_007,食品健康-搜索推广,搜索推广,食品,52417,1300,0.0248,1246.09,0.96,10,589.87,1,56.57,0.52
2025-07-07,camp_微_000,美妆爆款-精准人群,搜索推广,美妆,146639,4524,0.0309,3828.93,0.85,47,6964.07,9,1136.2,2.12
2025-07-07,camp_微_001,美妆新品-信息流,信息流,美妆,54458,2206,0.0405,1176.89,0.53,30,3382.3,3,355.16,3.18
2025-07-07,camp_微_002,食品特卖-直播推广,直播推广,食品,141927,5199,0.0366,6048.99,1.16,73,3798.8,15,757.49,0.75
2025-07-07,camp_微_003,电子数码-智能推荐,信息流,电子,64696,2409,0.0372,2768.03,1.15,45,15361.31,9,2647.48,6.51
2025-07-07,camp_微_004,电子旗舰-搜索推广,搜索推广,电子,148442,4457,0.03,3094.33,0.69,77,23321.84,12,3489.96,8.66
2025-07-07,camp_微_005,服装上新-信息流,信息流,服装,127829,5322,0.0416,6324.74,1.19,114,14386.63,32,5984.5,3.22
2025-07-07,camp_微_006,服装大促-搜索推广,搜索推广,服装,53954,2019,0.0374,1581.16,0.78,31,4361.59,9,1484.44,3.7
2025-07-07,camp_微_007,食品健康-搜索推广,搜索推广,食品,99734,2138,0.0214,1045.44,0.49,40,2190.74,8,451.14,2.53
2025-07-08,camp_微_000,美妆爆款-精准人群,搜索推广,美妆,93223,3002,0.0322,1538.74,0.51,46,6054.64,11,1584.31,4.96
2025-07-08,camp_微_001,美妆新品-信息流,信息流,美妆,128534,2537,0.0197,3027.25,1.19,41,6181.85,12,1667.22,2.59
2025-07-08,camp_微_002,食品特卖-直播推广,直播推广,食品,105650,2623,0.0248,2030.03,0.77,40,2576.14,9,466.93,1.5
2025-07-08,camp_微_003,电子数码-智能推荐,信息流,电子,107577,2517,0.0234,2943.25,1.17,53,12939.09,14,4029.4,5.77
2025-07-08,camp_微_004,电子旗舰-搜索推广,搜索推广,电子,82815,3475,0.042,1674.19,0.48,63,20020.09,18,5403.0,15.19
2025-07-08,camp_微_005,服装上新-信息流,信息流,服装,79236,2655,0.0335,1753.42,0.66,62,11411.84,9,1629.04,7.44
2025-07-08,camp_微_006,服装大促-搜索推广,搜索推广,服装,84253,1695,0.0201,1122.37,0.66,14,2226.83,1,153.29,2.12
2025-07-08,camp_微_007,食品健康-搜索推广,搜索推广,食品,101680,2357,0.0232,2068.0,0.88,44,2525.34,9,516.41,1.47
2025-07-09,camp_微_000,美妆爆款-精准人群,搜索推广,美妆,146564,3991,0.0272,3428.63,0.86,50,8170.82,8,1134.86,2.71
2025-07-09,camp_微_001,美妆新品-信息流,信息流,美妆,138561,6103,0.044,5265.57,0.86,117,16626.88,30,4084.47,3.93
2025-07-09,camp_微_002,食品特卖-直播推广,直播推广,食品,113504,4284,0.0377,4230.51,0.99,70,3787.94,7,406.63,0.99
2025-07-09,camp_微_003,电子数码-智能推荐,信息流,电子,147388,6290,0.0427,5523.0,0.88,71,27030.29,8,2153.31,5.28
2025-07-09,camp_微_004,电子旗舰-搜索推广,搜索推广,电子,64618,1309,0.0203,592.18,0.45,19,7265.87,3,1047.5,14.04
2025-07-09,camp_微_005,服装上新-信息流,信息流,服装,115649,3067,0.0265,1440.2,0.47,54,9938.97,15,2716.75,8.79
2025-07-09,camp_微_006,服装大促-搜索推广,搜索推广,服装,143205,4200,0.0293,3701.99,0.88,76,14683.11,20,3331.17,4.87
2025-07-09,camp_微_007,食品健康-搜索推广,搜索推广,食品,110342,3187,0.0289,2267.11,0.71,72,4350.01,14,687.4,2.22
2025-07-10,camp_微_000,美妆爆款-精准人群,搜索推广,美妆,89390,1987,0.0222,1000.86,0.5,24,3223.61,6,732.07,3.95
2025-07-10,camp_微_001,美妆新品-信息流,信息流,美妆,136279,3079,0.0226,2353.74,0.76,63,8250.08,9,1490.15,4.14
2025-07-10,camp_微_002,食品特卖-直播推广,直播推广,食品,143014,5857,0.041,5494.21,0.94,106,6095.88,25,1389.73,1.36
2025-07-10,camp_微_003,电子数码-智能推荐,信息流,电子,111776,3107,0.0278,1936.21,0.62,27,8924.02,6,1776.22,5.53
2025-07-10,camp_微_004,电子旗舰-搜索推广,搜索推广,电子,131746,3793,0.0288,1894.66,0.5,70,21444.97,10,2982.01,12.89
2025-07-10,camp_微_005,服装上新-信息流,信息流,服装,138159,4712,0.0341,3601.82,0.76,59,10166.59,10,1644.36,3.28
2025-07-10,camp_微_006,服装大促-搜索推广,搜索推广,服装,131581,3262,0.0248,3154.92,0.97,39,7852.74,10,1663.41,3.02
2025-07-10,camp_微_007,食品健康-搜索推广,搜索推广,食品,69513,2247,0.0323,1775.7,0.79,50,2752.37,12,687.27,1.94
2025-07-11,camp_微_000,美妆爆款-精准人群,搜索推广,美妆,138815,3031,0.0218,1962.08,0.65,32,5182.33,3,400.59,2.85
2025-07-11,camp_微_001,美妆新品-信息流,信息流,美妆,81425,2483,0.0305,1532.11,0.62,37,5580.06,7,1067.15,4.34
2025-07-11,camp_微_002,食品特卖-直播推广,直播推广,食品,60481,1851,0.0306,1524.66,0.82,42,2745.09,7,357.37,2.03
2025-07-11,camp_微_003,电子数码-智能推荐,信息流,电子,52512,2148,0.0409,2443.73,1.14,23,6560.78,5,1683.52,3.37
2025-07-11,camp_微_004,电子旗舰-搜索推广,搜索推广,电子,135086,3780,0.028,3623.61,0.96,39,12538.37,5,1586.8,3.9
2025-07-11,camp_微_005,服装上新-信息流,信息流,服装,131003,2503,0.0191,1338.36,0.53,35,5927.68,10,1530.08,5.57
2025-07-11,camp_微_006,服装大促-搜索推广,搜索推广,服装,86507,2948,0.0341,3518.01,1.19,56,7785.37,11,1585.31,2.66
2025-07-11,camp_微_007,食品健康-搜索推广,搜索推广,食品,89197,3385,0.038,1603.73,0.47,54,3126.0,8,430.24,2.22
2025-07-12,camp_微_000,美妆爆款-精准人群,搜索推广,美妆,65525,2484,0.0379,2802.23,1.13,36,4731.07,8,1099.57,2.08
2025-07-12,camp_微_001,美妆新品-信息流,信息流,美妆,93014,1865,0.0201,1276.9,0.68,19,2980.76,4,497.76,2.72
2025-07-12,camp_微_002,食品特卖-直播推广,直播推广,食品,64735,1376,0.0213,1153.54,0.84,17,996.03,3,158.52,1.0
2025-07-12,camp_微_003,电子数码-智能推荐,信息流,电子,80875,2301,0.0285,1740.07,0.76,46,14146.14,10,3390.6,10.08
2025-07-12,camp_微_004,电子旗舰-搜索推广,搜索推广,电子,107553,2407,0.0224,2459.38,1.02,52,18645.69,10,3320.17,8.93
2025-07-12,camp_微_005,服装上新-信息流,信息流,服装,66172,1735,0.0262,2006.0,1.16,42,7292.46,12,2204.34,4.73
2025-07-12,camp_微_006,服装大促-搜索推广,搜索推广,服装,131688,5747,0.0436,6002.89,1.04,133,21299.74,27,5456.29,4.46
2025-07-12,camp_微_007,食品健康-搜索推广,搜索推广,食品,92218,1774,0.0192,1442.86,0.81,30,1924.17,6,350.95,1.58
2025-07-13,camp_微_000,美妆爆款-精准人群,搜索推广,美妆,132699,2882,0.0217,2172.28,0.75,44,6440.42,5,734.4,3.3
2025-07-13,camp_微_001,美妆新品-信息流,信息流,美妆,94576,3218,0.034,2829.6,0.88,56,7792.65,10,1349.68,3.23
2025-07-13,camp_微_002,食品特卖-直播推广,直播推广,食品,137659,3401,0.0247,3087.9,0.91,78,4186.19,10,638.23,1.56
2025-07-13,camp_微_003,电子数码-智能推荐,信息流,电子,116141,2309,0.0199,1207.61,0.52,48,15806.71,11,3962.89,16.37
2025-07-13,camp_微_004,电子旗舰-搜索推广,搜索推广,电子,113855,4420,0.0388,3592.22,0.81,38,14150.5,5,1897.54,4.47
2025-07-13,camp_微_005,服装上新-信息流,信息流,服装,108704,2378,0.0219,2011.34,0.85,26,3823.76,4,678.26,2.24
2025-07-13,camp_微_006,服装大促-搜索推广,搜索推广,服装,114943,3520,0.0306,4115.92,1.17,38,5493.53,5,738.42,1.51
2025-07-13,camp_微_007,食品健康-搜索推广,搜索推广,食品,58296,1508,0.0259,1711.32,1.13,18,1121.5,2,129.77,0.73
2025-07-14,camp_微_000,美妆爆款-精准人群,搜索推广,美妆,52459,2033,0.0388,1104.42,0.54,35,5209.76,10,1389.31,5.98
2025-07-14,camp_微_001,美妆新品-信息流,信息流,美妆,147996,5529,0.0374,3035.21,0.55,102,12469.26,10,1388.14,4.57
2025-07-14,camp_微_002,食品特卖-直播推广,直播推广,食品,87458,2691,0.0308,2113.35,0.79,58,3276.77,9,549.79,1.81
2025-07-14,camp_微_003,电子数码-智能推荐,信息流,电子,55786,2277,0.0408,2594.03,1.14,26,8264.62,2,678.22,3.45
2025-07-14,camp_微_004,电子旗舰-搜索推广,搜索推广,电子,51182,1144,0.0224,907.69,0.79,21,6313.96,3,987.32,8.04
2025-07-14,camp_微_005,服装上新-信息流,信息流,服装,71522,3205,0.0448,3068.22,0.96,54,10312.08,5,766.35,3.61
2025-07-14,camp_微_006,服装大促-搜索推广,搜索推广,服装,66614,1554,0.0233,1134.63,0.73,29,4624.81,3,573.75,4.58
2025-07-14,camp_微_007,食品健康-搜索推广,搜索推广,食品,80243,2962,0.0369,1861.66,0.63,68,3415.25,12,647.61,2.18
2025-07-15,camp_微_000,美妆爆款-精准人群,搜索推广,美妆,70367,1313,0.0187,634.28,0.48,22,2983.68,3,433.9,5.39
2025-07-15,camp_微_001,美妆新品-信息流,信息流,美妆,104438,3414,0.0327,4015.1,1.18,80,11356.2,10,1421.73,3.18
2025-07-15,camp_微_002,食品特卖-直播推广,直播推广,食品,149542,4514,0.0302,3640.77,0.81,66,4470.11,8,453.19,1.35
2025-07-15,camp_微_003,电子数码-智能推荐,信息流,电子,93392,2089,0.0224,1665.32,0.8,39,12271.39,7,2295.56,8.75
2025-07-15,camp_微_004,电子旗舰-搜索推广,搜索推广,电子,116131,3641,0.0314,2852.69,0.78,34,10226.64,4,1441.78,4.09
2025-07-15,camp_微_005,服装上新-信息流,信息流,服装,85723,2003,0.0234,1154.02,0.58,33,5583.5,7,1277.12,5.94
2025-07-15,camp_微_006,服装大促-搜索推广,搜索推广,服装,77286,3252,0.0421,1873.13,0.58,54,9078.49,10,1395.42,5.59
2025-07-15,camp_微_007,食品健康-搜索推广,搜索推广,食品,121207,3859,0.0318,3360.41,0.87,45,2124.67,4,240.29,0.7
2025-07-16,camp_微_000,美妆爆款-精准人群,搜索推广,美妆,111488,5005,0.0449,3596.22,0.72,57,8238.27,6,890.54,2.54
2025-07-16,camp_微_001,美妆新品-信息流,信息流,美妆,114748,2802,0.0244,2956.78,1.06,66,8713.65,15,2031.27,3.63
2025-07-16,camp_微_002,食品特卖-直播推广,直播推广,食品,123266,3799,0.0308,2537.06,0.67,93,5691.04,12,648.58,2.5
2025-07-16,camp_微_003,电子数码-智能推荐,信息流,电子,123250,3921,0.0318,3067.14,0.78,70,20101.26,11,3133.7,7.58
2025-07-16,camp_微_004,电子旗舰-搜索推广,搜索推广,电子,88940,3523,0.0396,1653.84,0.47,69,20306.44,15,4647.5,15.09
2025-07-16,camp_微_005,服装上新-信息流,信息流,服装,145691,2902,0.0199,2804.22,0.97,45,7676.14,10,1891.83,3.41
2025-07-16,camp_微_006,服装大促-搜索推广,搜索推广,服装,138924,2528,0.0182,2906.67,1.15,55,9081.6,10,1586.34,3.67
2025-07-16,camp_微_007,食品健康-搜索推广,搜索推广,食品,96759,3764,0.0389,3027.82,0.8,53,3371.38,13,743.68,1.36
2025-07-17,camp_微_000,美妆爆款-精准人群,搜索推广,美妆,98840,3047,0.0308,2721.68,0.89,32,4390.55,6,707.66,1.87
2025-07-17,camp_微_001,美妆新品-信息流,信息流,美妆,141757,2723,0.0192,1134.14,0.42,28,3267.98,5,693.64,3.49
2025-07-17,camp_微_002,食品特卖-直播推广,直播推广,食品,123927,4731,0.0382,5569.05,1.18,92,5219.47,27,1591.93,1.22
2025-07-17,camp_微_003,电子数码-智能推荐,信息流,电子,65288,2465,0.0378,2187.31,0.89,57,19641.47,10,3312.4,10.49
2025-07-17,camp_微_004,电子旗舰-搜索推广,搜索推广,电子,130445,2751,0.0211,3150.39,1.15,25,8779.71,2,684.14,3.0
2025-07-17,camp_微_005,服装上新-信息流,信息流,服装,69163,2124,0.0307,1119.72,0.53,45,6676.97,5,834.18,6.71
2025-07-17,camp_微_006,服装大促-搜索推广,搜索推广,服装,117060,4177,0.0357,2808.43,0.67,46,6767.5,8,1458.95,2.93
2025-07-17,camp_微_007,食品健康-搜索推广,搜索推广,食品,56932,1810,0.0318,1012.95,0.56,16,959.24,1,46.84,0.99
2025-07-18,camp_微_000,美妆爆款-精准人群,搜索推广,美妆,106414,4433,0.0417,1930.35,0.44,85,10672.92,22,3202.88,7.19
2025-07-18,camp_微_001,美妆新品-信息流,信息流,美妆,103866,3571,0.0344,2518.03,0.71,83,11930.61,14,2111.41,5.58
2025-07-18,camp_微_002,食品特卖-直播推广,直播推广,食品,64793,1421,0.0219,1536.13,1.08,23,1223.16,5,276.55,0.98
2025-07-18,camp_微_003,电子数码-智能推荐,信息流,电子,62049,1400,0.0226,1381.66,0.99,14,4097.26,3,926.05,3.64
2025-07-18,camp_微_004,电子旗舰-搜索推广,搜索推广,电子,110648,2406,0.0217,2437.69,1.01,38,13173.06,4,1329.48,5.95
2025-07-18,camp_微_005,服装上新-信息流,信息流,服装,53495,1807,0.0338,1865.0,1.03,20,3635.61,5,816.84,2.39
2025-07-18,camp_微_006,服装大促-搜索推广,搜索推广,服装,96800,3295,0.034,2441.96,0.74,54,8788.18,12,1975.23,4.41
2025-07-18,camp_微_007,食品健康-搜索推广,搜索推广,食品,61251,1601,0.0261,731.66,0.46,28,1654.72,6,319.89,2.7
2025-07-19,camp_微_000,美妆爆款-精准人群,搜索推广,美妆,74581,1880,0.0252,973.14,0.52,41,5852.04,12,1652.23,7.71
2025-07-19,camp_微_001,美妆新品-信息流,信息流,美妆,86915,3036,0.0349,2860.55,0.94,25,3174.13,3,465.65,1.27
2025-07-19,camp_微_002,食品特卖-直播推广,直播推广,食品,125727,3282,0.0261,3135.9,0.96,56,3092.47,10,548.22,1.16
2025-07-19,camp_微_003,电子数码-智能推荐,信息流,电子,93412,2552,0.0273,1223.48,0.48,60,18649.46,16,5235.58,19.52
2025-07-19,camp_微_004,电子旗舰-搜索推广,搜索推广,电子,114139,2843,0.0249,1651.11,0.58,28,9522.26,7,1877.92,6.9
2025-07-19,camp_微_005,服装上新-信息流,信息流,服装,73792,2538,0.0344,1888.84,0.74,26,3863.43,5,905.09,2.52
2025-07-19,camp_微_006,服装大促-搜索推广,搜索推广,服装,111187,2622,0.0236,1517.28,0.58,51,7388.43,7,1256.22,5.7
2025-07-19,camp_微_007,食品健康-搜索推广,搜索推广,食品,71179,2494,0.035,1639.04,0.66,20,1047.65,3,187.87,0.75
2025-07-20,camp_微_000,美妆爆款-精准人群,搜索推广,美妆,149616,4830,0.0323,3616.56,0.75,114,16573.45,12,1833.46,5.09
2025-07-20,camp_微_001,美妆新品-信息流,信息流,美妆,101540,2563,0.0252,2207.83,0.86,36,4681.49,9,1198.19,2.66
2025-07-20,camp_微_002,食品特卖-直播推广,直播推广,食品,148064,4279,0.0289,5053.08,1.18,55,3041.7,11,715.08,0.74
2025-07-20,camp_微_003,电子数码-智能推荐,信息流,电子,136698,5151,0.0377,5861.84,1.14,83,22849.71,22,6816.41,5.06
2025-07-20,camp_微_004,电子旗舰-搜索推广,搜索推广,电子,64766,1487,0.023,1308.25,0.88,15,4533.21,1,394.91,3.77
2025-07-20,camp_微_005,服装上新-信息流,信息流,服装,136342,3631,0.0266,2454.69,0.68,36,5948.5,10,1707.19,3.12
2025-07-20,camp_微_006,服装大促-搜索推广,搜索推广,服装,143941,2763,0.0192,2857.84,1.03,65,8887.51,19,3065.85,4.18
2025-07-20,camp_微_007,食品健康-搜索推广,搜索推广,食品,114800,5120,0.0446,2887.88,0.56,118,7156.2,28,1606.52,3.03
2025-07-21,camp_微_000,美妆爆款-精准人群,搜索推广,美妆,106826,2578,0.0241,2135.12,0.83,53,5948.31,8,1152.95,3.33
2025-07-21,camp_微_001,美妆新品-信息流,信息流,美妆,52608,1320,0.0251,763.47,0.58,26,3860.82,4,601.72,5.85
2025-07-21,camp_微_002,食品特卖-直播推广,直播推广,食品,120521,5086,0.0422,3873.96,0.76,84,5575.06,19,1213.21,1.75
2025-07-21,camp_微_003,电子数码-智能推荐,信息流,电子,69761,2824,0.0405,2940.28,1.04,65,23515.17,14,4652.3,9.58
2025-07-21,camp_微_004,电子旗舰-搜索推广,搜索推广,电子,84614,3449,0.0408,2494.48,0.72,64,20816.83,16,4875.95,10.3
2025-07-21,camp_微_005,服装上新-信息流,信息流,服装,84478,1574,0.0186,1153.75,0.73,15,2630.81,4,634.23,2.83
2025-07-21,camp_微_006,服装大促-搜索推广,搜索推广,服装,80405,2243,0.0279,1644.44,0.73,53,9369.53,11,1531.2,6.63
2025-07-21,camp_微_007,食品健康-搜索推广,搜索推广,食品,140251,4623,0.033,5096.61,1.1,71,3767.99,13,776.17,0.89
2025-07-22,camp_微_000,美妆爆款-精准人群,搜索推广,美妆,116956,2479,0.0212,1573.82,0.63,52,6920.26,11,1436.18,5.31
2025-07-22,camp_微_001,美妆新品-信息流,信息流,美妆,127459,3880,0.0304,2114.88,0.55,96,12865.9,27,3703.41,7.83
2025-07-22,camp_微_002,食品特卖-直播推广,直播推广,食品,100563,3033,0.0302,1565.41,0.52,28,1704.35,5,237.4,1.24
2025-07-22,camp_微_003,电子数码-智能推荐,信息流,电子,109065,2314,0.0212,1708.39,0.74,39,12798.85,7,2254.19,8.81
2025-07-22,camp_微_004,电子旗舰-搜索推广,搜索推广,电子,147781,3073,0.0208,1578.61,0.51,43,13914.87,8,2626.37,10.48
2025-07-22,camp_微_005,服装上新-信息流,信息流,服装,96125,3770,0.0392,3602.21,0.96,68,11267.53,7,1178.7,3.46
2025-07-22,camp_微_006,服装大促-搜索推广,搜索推广,服装,67424,2947,0.0437,2214.46,0.75,64,9897.43,11,2435.95,5.57
2025-07-22,camp_微_007,食品健康-搜索推广,搜索推广,食品,144898,3620,0.025,3942.81,1.09,34,1873.22,7,359.91,0.57
2025-07-23,camp_微_000,美妆爆款-精准人群,搜索推广,美妆,51290,1966,0.0383,1676.91,0.85,40,6452.22,5,703.83,4.27
2025-07-23,camp_微_001,美妆新品-信息流,信息流,美妆,101181,2440,0.0241,2032.28,0.83,36,5204.98,9,1302.16,3.2
2025-07-23,camp_微_002,食品特卖-直播推广,直播推广,食品,118199,3065,0.0259,1583.57,0.52,59,3551.8,9,497.18,2.56
2025-07-23,camp_微_003,电子数码-智能推荐,信息流,电子,131416,4545,0.0346,4970.65,1.09,87,31184.6,21,6707.03,7.62
2025-07-23,camp_微_004,电子旗舰-搜索推广,搜索推广,电子,126765,3671,0.029,3334.24,0.91,64,21560.64,17,5398.91,8.09
2025-07-23,camp_微_005,服装上新-信息流,信息流,服装,141348,3049,0.0216,2298.2,0.75,33,4909.53,6,838.09,2.5
2025-07-23,camp_微_006,服装大促-搜索推广,搜索推广,服装,123428,5487,0.0445,4656.81,0.85,91,13697.4,23,4194.78,3.84
2025-07-23,camp_微_007,食品健康-搜索推广,搜索推广,食品,65360,2755,0.0422,2902.4,1.05,47,3211.24,9,488.23,1.27
2025-07-24,camp_微_000,美妆爆款-精准人群,搜索推广,美妆,126636,4986,0.0394,5392.77,1.08,66,9277.98,13,1786.35,2.05
2025-07-24,camp_微_001,美妆新品-信息流,信息流,美妆,77963,3279,0.0421,1707.49,0.52,77,11491.48,10,1216.07,7.44
2025-07-24,camp_微_002,食品特卖-直播推广,直播推广,食品,121082,3357,0.0277,1865.64,0.56,43,2420.16,10,426.76,1.53
2025-07-24,camp_微_003,电子数码-智能推荐,信息流,电子,82656,3381,0.0409,3367.31,1.0,81,22601.1,20,6913.73,8.77
2025-07-24,camp_微_004,电子旗舰-搜索推广,搜索推广,电子,90957,2482,0.0273,2137.73,0.86,25,8874.72,4,1365.24,4.79
2025-07-24,camp_微_005,服装上新-信息流,信息流,服装,96624,3475,0.036,3735.46,1.07,83,14357.6,19,3056.0,4.66
2025-07-24,camp_微_006,服装大促-搜索推广,搜索推广,服装,118989,2259,0.019,934.18,0.41,36,4900.45,7,965.53,6.28
2025-07-24,camp_微_007,食品健康-搜索推广,搜索推广,食品,117510,3545,0.0302,3112.06,0.88,75,4362.23,10,582.08,1.59
2025-07-25,camp_微_000,美妆爆款-精准人群,搜索推广,美妆,117703,4593,0.039,3551.79,0.77,81,13603.72,14,1783.2,4.33
2025-07-25,camp_微_001,美妆新品-信息流,信息流,美妆,88639,3650,0.0412,3653.62,1.0,36,5417.34,10,1329.58,1.85
2025-07-25,camp_微_002,食品特卖-直播推广,直播推广,食品,84494,2097,0.0248,1161.72,0.55,21,1288.75,4,242.32,1.32
2025-07-25,camp_微_003,电子数码-智能推荐,信息流,电子,124044,4793,0.0386,5290.49,1.1,51,16724.75,8,2426.97,3.62
2025-07-25,camp_微_004,电子旗舰-搜索推广,搜索推广,电子,136459,4700,0.0344,3197.75,0.68,71,23683.67,16,5592.88,9.16
2025-07-25,camp_微_005,服装上新-信息流,信息流,服装,135709,5928,0.0437,6953.52,1.17,146,28598.07,23,3706.7,4.65
2025-07-25,camp_微_006,服装大促-搜索推广,搜索推广,服装,61331,1602,0.0261,1601.99,1.0,26,4121.51,3,367.14,2.8
2025-07-25,camp_微_007,食品健康-搜索推广,搜索推广,食品,105082,4190,0.0399,4925.87,1.18,87,5452.11,16,883.77,1.29
2025-07-26,camp_微_000,美妆爆款-精准人群,搜索推广,美妆,142219,3414,0.024,1492.48,0.44,42,4901.09,7,1121.86,4.04
2025-07-26,camp_微_001,美妆新品-信息流,信息流,美妆,72744,2537,0.0349,1925.82,0.76,30,4571.52,5,676.29,2.72
2025-07-26,camp_微_002,食品特卖-直播推广,直播推广,食品,98797,3117,0.0315,1351.0,0.43,70,4008.73,13,795.22,3.56
2025-07-26,camp_微_003,电子数码-智能推荐,信息流,电子,65355,1535,0.0235,1728.65,1.13,26,8116.86,6,1543.03,5.59
2025-07-26,camp_微_004,电子旗舰-搜索推广,搜索推广,电子,79273,2422,0.0306,2516.93,1.04,30,8428.11,3,864.01,3.69
2025-07-26,camp_微_005,服装上新-信息流,信息流,服装,97005,3735,0.0385,2429.72,0.65,45,5930.24,11,1702.53,3.14
2025-07-26,camp_微_006,服装大促-搜索推广,搜索推广,服装,73969,2058,0.0278,2146.27,1.04,48,5505.75,12,2047.11,3.52
2025-07-26,camp_微_007,食品健康-搜索推广,搜索推广,食品,147894,3000,0.0203,2369.34,0.79,53,3641.93,11,600.04,1.79
2025-07-27,camp_微_000,美妆爆款-精准人群,搜索推广,美妆,92113,2732,0.0297,1342.78,0.49,47,6042.51,4,540.13,4.9
2025-07-27,camp_微_001,美妆新品-信息流,信息流,美妆,83105,2443,0.0294,1494.42,0.61,23,3525.55,5,624.33,2.78
2025-07-27,camp_微_002,食品特卖-直播推广,直播推广,食品,77585,2011,0.0259,1869.41,0.93,21,1199.78,5,288.27,0.8
2025-07-27,camp_微_003,电子数码-智能推荐,信息流,电子,69559,2120,0.0305,2278.47,1.07,47,14675.47,4,1161.22,6.95
2025-07-27,camp_微_004,电子旗舰-搜索推广,搜索推广,电子,55082,1949,0.0354,1879.51,0.96,42,14462.1,5,1554.38,8.52
2025-07-27,camp_微_005,服装上新-信息流,信息流,服装,58987,2523,0.0428,2153.12,0.85,27,4204.62,2,264.61,2.08
2025-07-27,camp_微_006,服装大促-搜索推广,搜索推广,服装,107990,4087,0.0379,3160.94,0.77,41,7173.08,11,2078.02,2.93
2025-07-27,camp_微_007,食品健康-搜索推广,搜索推广,食品,53356,1410,0.0264,1394.03,0.99,20,1017.38,3,161.02,0.85
2025-07-28,camp_微_000,美妆爆款-精准人群,搜索推广,美妆,90543,2820,0.0312,1405.6,0.5,47,6662.78,7,891.9,5.37
2025-07-28,camp_微_001,美妆新品-信息流,信息流,美妆,59846,2598,0.0434,1401.67,0.54,61,8303.5,15,2093.58,7.42
2025-07-28,camp_微_002,食品特卖-直播推广,直播推广,食品,60343,2167,0.0359,2332.05,1.08,24,1463.22,5,228.33,0.73
2025-07-28,camp_微_003,电子数码-智能推荐,信息流,电子,144213,6360,0.0441,4868.73,0.77,122,38962.97,25,10260.98,10.11
2025-07-28,camp_微_004,电子旗舰-搜索推广,搜索推广,电子,140429,4447,0.0317,4755.85,1.07,74,23235.01,8,2923.79,5.5
2025-07-28,camp_微_005,服装上新-信息流,信息流,服装,145116,5504,0.0379,3788.49,0.69,72,12270.34,19,3503.81,4.16
2025-07-28,camp_微_006,服装大促-搜索推广,搜索推广,服装,70689,1349,0.0191,959.64,0.71,16,2768.75,2,381.89,3.28
2025-07-28,camp_微_007,食品健康-搜索推广,搜索推广,食品,57169,1560,0.0273,1820.57,1.17,31,1964.11,4,228.63,1.2
2025-07-29,camp_微_000,美妆爆款-精准人群,搜索推广,美妆,130723,4892,0.0374,2686.46,0.55,46,6748.8,12,1694.29,3.14
2025-07-29,camp_微_001,美妆新品-信息流,信息流,美妆,68489,1246,0.0182,1342.78,1.08,19,2388.39,5,720.61,2.32
2025-07-29,camp_微_002,食品特卖-直播推广,直播推广,食品,131600,4110,0.0312,1950.28,0.47,41,2440.63,10,519.99,1.52
2025-07-29,camp_微_003,电子数码-智能推荐,信息流,电子,99332,2993,0.0301,2352.81,0.79,35,12679.67,8,2819.82,6.59
2025-07-29,camp_微_004,电子旗舰-搜索推广,搜索推广,电子,68022,2300,0.0338,980.11,0.43,37,12383.78,8,2917.63,15.61
2025-07-29,camp_微_005,服装上新-信息流,信息流,服装,131035,3373,0.0257,3043.98,0.9,78,14788.56,9,1686.66,5.41
2025-07-29,camp_微_006,服装大促-搜索推广,搜索推广,服装,66347,2783,0.042,2597.43,0.93,43,6902.49,9,1621.7,3.28
2025-07-29,camp_微_007,食品健康-搜索推广,搜索推广,食品,97358,4278,0.0439,3167.48,0.74,46,2487.23,7,458.07,0.93
2025-07-30,camp_微_000,美妆爆款-精准人群,搜索推广,美妆,107496,3287,0.0306,2022.32,0.62,56,7521.68,13,1756.76,4.59
2025-07-30,camp_微_001,美妆新品-信息流,信息流,美妆,95410,1885,0.0198,1588.13,0.84,31,4526.7,3,449.24,3.13
2025-07-30,camp_微_002,食品特卖-直播推广,直播推广,食品,67694,2403,0.0355,1467.44,0.61,25,1278.54,4,235.28,1.03
2025-07-30,camp_微_003,电子数码-智能推荐,信息流,电子,130993,5759,0.044,5786.75,1.0,64,19154.44,17,5906.96,4.33
2025-07-30,camp_微_004,电子旗舰-搜索推广,搜索推广,电子,84904,2982,0.0351,3301.25,1.11,41,12500.5,6,1307.79,4.18
2025-07-30,camp_微_005,服装上新-信息流,信息流,服装,102417,1865,0.0182,1869.03,1.0,36,5233.02,8,1387.22,3.54
2025-07-30,camp_微_006,服装大促-搜索推广,搜索推广,服装,51653,1394,0.027,1232.55,0.88,11,1629.7,2,282.64,1.55
2025-07-30,camp_微_007,食品健康-搜索推广,搜索推广,食品,147571,6300,0.0427,5663.44,0.9,71,4591.83,17,960.56,0.98
2025-07-31,camp_微_000,美妆爆款-精准人群,搜索推广,美妆,100190,4149,0.0414,4611.36,1.11,84,11295.25,20,2521.16,3.0
2025-07-31,camp_微_001,美妆新品-信息流,信息流,美妆,133974,3806,0.0284,1653.57,0.43,33,4669.96,8,1058.42,3.46
2025-07-31,camp_微_002,食品特卖-直播推广,直播推广,食品,130481,4677,0.0358,3776.77,0.81,38,2568.49,10,525.16,0.82
2025-07-31,camp_微_003,电子数码-智能推荐,信息流,电子,59522,1152,0.0194,520.04,0.45,27,8309.95,3,894.29,17.7
2025-07-31,camp_微_004,电子旗舰-搜索推广,搜索推广,电子,82520,2544,0.0308,1073.86,0.42,49,18070.18,6,2213.17,18.89
2025-07-31,camp_微_005,服装上新-信息流,信息流,服装,82318,3509,0.0426,4003.71,1.14,62,10827.96,10,1568.16,3.1
2025-07-31,camp_微_006,服装大促-搜索推广,搜索推广,服装,108800,4499,0.0414,3232.71,0.72,51,8800.33,5,893.2,3.0
2025-07-31,camp_微_007,食品健康-搜索推广,搜索推广,食品,55873,2324,0.0416,1252.37,0.54,53,3633.09,15,887.84,3.61
2025-08-01,camp_微_000,美妆爆款-精准人群,搜索推广,美妆,61831,2132,0.0345,1841.86,0.86,17,2623.84,3,363.04,1.62
2025-08-01,camp_微_001,美妆新品-信息流,信息流,美妆,56227,1020,0.0182,718.48,0.7,19,2601.36,4,515.14,4.34
2025-08-01,camp_微_002,食品特卖-直播推广,直播推广,食品,97387,4380,0.045,4320.73,0.99,78,4473.99,10,541.73,1.16
2025-08-01,camp_微_003,电子数码-智能推荐,信息流,电子,55228,2209,0.04,1476.17,0.67,54,16232.71,12,4110.52,13.78
2025-08-01,camp_微_004,电子旗舰-搜索推广,搜索推广,电子,89247,3479,0.039,3465.92,1.0,84,27580.04,19,5235.13,9.47
2025-08-01,camp_微_005,服装上新-信息流,信息流,服装,111705,2643,0.0237,2915.23,1.1,49,7194.96,13,2123.08,3.2
2025-08-01,camp_微_006,服装大促-搜索推广,搜索推广,服装,78442,2217,0.0283,1142.9,0.52,24,3937.86,6,839.36,4.18
2025-08-01,camp_微_007,食品健康-搜索推广,搜索推广,食品,131733,5594,0.0425,3581.48,0.64,120,7754.77,13,719.03,2.37
2025-08-02,camp_微_000,美妆爆款-精准人群,搜索推广,美妆,120603,3959,0.0328,2356.5,0.6,82,11262.94,12,1601.93,5.46
2025-08-02,camp_微_001,美妆新品-信息流,信息流,美妆,132285,2668,0.0202,1340.59,0.5,24,3785.75,5,636.27,3.3
2025-08-02,camp_微_002,食品特卖-直播推广,直播推广,食品,65750,2077,0.0316,1660.32,0.8,17,1110.02,2,86.88,0.72
2025-08-02,camp_微_003,电子数码-智能推荐,信息流,电子,80641,1785,0.0221,1395.29,0.78,36,10606.95,8,2643.41,9.5
2025-08-02,camp_微_004,电子旗舰-搜索推广,搜索推广,电子,119960,2506,0.0209,2208.82,0.88,62,19799.55,9,2674.72,10.17
2025-08-02,camp_微_005,服装上新-信息流,信息流,服装,87578,2238,0.0256,2267.53,1.01,36,6058.58,10,2168.98,3.63
2025-08-02,camp_微_006,服装大促-搜索推广,搜索推广,服装,65528,2139,0.0326,1092.76,0.51,23,3250.31,6,1021.06,3.91
2025-08-02,camp_微_007,食品健康-搜索推广,搜索推广,食品,108597,2894,0.0267,1568.7,0.54,24,1136.56,6,299.37,0.92
2025-08-03,camp_微_000,美妆爆款-精准人群,搜索推广,美妆,51436,1396,0.0271,614.24,0.44,34,6049.46,4,537.99,10.72
2025-08-03,camp_微_001,美妆新品-信息流,信息流,美妆,137023,5718,0.0417,3881.71,0.68,122,16655.58,32,4660.22,5.49
2025-08-03,camp_微_002,食品特卖-直播推广,直播推广,食品,55453,1758,0.0317,1378.2,0.78,38,2361.06,5,278.85,1.92
2025-08-03,camp_微_003,电子数码-智能推荐,信息流,电子,135959,5673,0.0417,2822.8,0.5,51,18793.79,12,3150.41,7.77
2025-08-03,camp_微_004,电子旗舰-搜索推广,搜索推广,电子,76626,2725,0.0356,2016.31,0.74,36,9748.63,7,2053.35,5.85
2025-08-03,camp_微_005,服装上新-信息流,信息流,服装,122646,4417,0.036,2816.63,0.64,95,16342.22,17,3089.37,6.9
2025-08-03,camp_微_006,服装大促-搜索推广,搜索推广,服装,79409,1864,0.0235,1354.13,0.73,35,5803.11,8,1451.74,5.36
2025-08-03,camp_微_007,食品健康-搜索推广,搜索推广,食品,85564,2448,0.0286,1224.39,0.5,44,2419.38,10,629.11,2.49
2025-08-04,camp_微_000,美妆爆款-精准人群,搜索推广,美妆,58977,1318,0.0224,1007.66,0.76,25,3592.44,4,557.66,4.12
2025-08-04,camp_微_001,美妆新品-信息流,信息流,美妆,101588,3767,0.0371,4025.7,1.07,35,5745.34,9,1419.46,1.78
2025-08-04,camp_微_002,食品特卖-直播推广,直播推广,食品,138217,4692,0.034,4974.37,1.06,89,5461.48,18,1116.54,1.32
2025-08-04,camp_微_003,电子数码-智能推荐,信息流,电子,147281,3009,0.0204,2492.98,0.83,55,18366.49,7,1988.63,8.16
2025-08-04,camp_微_004,电子旗舰-搜索推广,搜索推广,电子,100828,3128,0.031,1321.34,0.42,28,8402.95,7,2191.79,8.02
2025-08-04,camp_微_005,服装上新-信息流,信息流,服装,93886,2694,0.0287,2363.22,0.88,48,8300.89,5,751.68,3.83
2025-08-04,camp_微_006,服装大促-搜索推广,搜索推广,服装,113173,2161,0.0191,2266.99,1.05,47,7371.34,12,2199.02,4.22
2025-08-04,camp_微_007,食品健康-搜索推广,搜索推广,食品,69900,2427,0.0347,1349.92,0.56,55,3208.56,11,655.26,2.86
2025-08-05,camp_微_000,美妆爆款-精准人群,搜索推广,美妆,84549,2538,0.03,2061.72,0.81,38,5280.62,9,1289.31,3.19
2025-08-05,camp_微_001,美妆新品-信息流,信息流,美妆,64456,1175,0.0182,1313.13,1.12,20,2539.18,2,219.62,2.1
2025-08-05,camp_微_002,食品特卖-直播推广,直播推广,食品,101545,3316,0.0327,1493.7,0.45,54,3495.12,6,348.66,2.57
2025-08-05,camp_微_003,电子数码-智能推荐,信息流,电子,50759,2095,0.0413,1928.91,0.92,20,6626.23,2,688.25,3.79
2025-08-05,camp_微_004,电子旗舰-搜索推广,搜索推广,电子,94773,2711,0.0286,2658.26,0.98,64,21066.34,11,3236.46,9.14
2025-08-05,camp_微_005,服装上新-信息流,信息流,服装,110534,3176,0.0287,3552.11,1.12,28,4280.23,4,649.29,1.39
2025-08-05,camp_微_006,服装大促-搜索推广,搜索推广,服装,129486,2597,0.0201,2344.16,0.9,24,4540.0,3,582.91,2.19
2025-08-05,camp_微_007,食品健康-搜索推广,搜索推广,食品,109002,4871,0.0447,4926.94,1.01,58,3374.61,12,673.14,0.82
2025-08-06,camp_微_000,美妆爆款-精准人群,搜索推广,美妆,139265,4647,0.0334,3059.69,0.66,106,15232.44,23,3011.75,5.96
2025-08-06,camp_微_001,美妆新品-信息流,信息流,美妆,67100,1437,0.0214,1088.17,0.76,35,5000.07,5,746.79,5.28
2025-08-06,camp_微_002,食品特卖-直播推广,直播推广,食品,124100,3926,0.0316,1839.57,0.47,48,2803.43,7,397.09,1.74
2025-08-06,camp_微_003,电子数码-智能推荐,信息流,电子,141393,4341,0.0307,3384.92,0.78,96,28194.0,14,4707.82,9.72
2025-08-06,camp_微_004,电子旗舰-搜索推广,搜索推广,电子,84170,3119,0.0371,2843.32,0.91,69,20544.98,15,5273.33,9.08
2025-08-06,camp_微_005,服装上新-信息流,信息流,服装,136180,4111,0.0302,2431.02,0.59,49,8491.15,7,1086.88,3.94
2025-08-06,camp_微_006,服装大促-搜索推广,搜索推广,服装,76404,2043,0.0267,2210.84,1.08,16,1645.63,4,689.12,1.06
2025-08-06,camp_微_007,食品健康-搜索推广,搜索推广,食品,102981,2878,0.0279,1974.44,0.69,44,2854.33,7,374.7,1.64
2025-08-07,camp_微_000,美妆爆款-精准人群,搜索推广,美妆,98106,2255,0.023,1732.39,0.77,46,6057.6,7,928.5,4.03
2025-08-07,camp_微_001,美妆新品-信息流,信息流,美妆,98282,2864,0.0291,2073.16,0.72,36,5353.87,6,818.25,2.98
2025-08-07,camp_微_002,食品特卖-直播推广,直播推广,食品,65116,2595,0.0399,1604.92,0.62,39,2279.58,5,252.17,1.58
2025-08-07,camp_微_003,电子数码-智能推荐,信息流,电子,104525,4135,0.0396,2364.95,0.57,48,15606.8,11,3746.1,8.18
2025-08-07,camp_微_004,电子旗舰-搜索推广,搜索推广,电子,107690,4000,0.0371,4547.15,1.14,46,14519.12,6,1987.46,3.63
2025-08-07,camp_微_005,服装上新-信息流,信息流,服装,143595,5366,0.0374,4902.26,0.91,95,14501.02,20,4156.81,3.81
2025-08-07,camp_微_006,服装大促-搜索推广,搜索推广,服装,102834,1887,0.0184,996.88,0.53,30,4995.53,3,504.93,5.52
2025-08-07,camp_微_007,食品健康-搜索推广,搜索推广,食品,139975,5546,0.0396,3294.86,0.59,62,4275.01,16,858.38,1.56
2025-08-08,camp_微_000,美妆爆款-精准人群,搜索推广,美妆,74003,1393,0.0188,683.6,0.49,27,3242.33,3,368.5,5.28
2025-08-08,camp_微_001,美妆新品-信息流,信息流,美妆,110019,3252,0.0296,2320.5,0.71,47,6841.09,6,837.42,3.31
2025-08-08,camp_微_002,食品特卖-直播推广,直播推广,食品,124500,3589,0.0288,4297.31,1.2,76,4960.44,20,988.17,1.38
2025-08-08,camp_微_003,电子数码-智能推荐,信息流,电子,143410,3943,0.0275,4309.77,1.09,45,13838.37,10,3086.3,3.93
2025-08-08,camp_微_004,电子旗舰-搜索推广,搜索推广,电子,76867,3268,0.0425,1342.48,0.41,57,16592.09,11,3836.61,15.22
2025-08-08,camp_微_005,服装上新-信息流,信息流,服装,79019,2232,0.0282,2607.88,1.17,20,3180.05,4,577.12,1.44
2025-08-08,camp_微_006,服装大促-搜索推广,搜索推广,服装,90266,3286,0.0364,2596.74,0.79,48,9424.42,13,2157.68,4.46
2025-08-08,camp_微_007,食品健康-搜索推广,搜索推广,食品,115659,3012,0.026,2457.82,0.82,57,3090.52,16,968.05,1.65
2025-08-09,camp_微_000,美妆爆款-精准人群,搜索推广,美妆,69838,2009,0.0288,1812.56,0.9,37,4109.13,3,381.48,2.48
2025-08-09,camp_微_001,美妆新品-信息流,信息流,美妆,127694,2309,0.0181,2248.98,0.97,48,6937.36,8,1123.43,3.58
2025-08-09,camp_微_002,食品特卖-直播推广,直播推广,食品,82170,3188,0.0388,2186.15,0.69,69,4036.69,9,509.98,2.08
2025-08-09,camp_微_003,电子数码-智能推荐,信息流,电子,91503,2174,0.0238,2025.2,0.93,17,5963.88,4,1354.22,3.61
2025-08-09,camp_微_004,电子旗舰-搜索推广,搜索推广,电子,63113,2456,0.0389,2899.39,1.18,49,15096.92,10,3138.66,6.29
2025-08-09,camp_微_005,服装上新-信息流,信息流,服装,58463,1422,0.0243,1584.09,1.11,19,3319.96,3,464.22,2.39
2025-08-09,camp_微_006,服装大促-搜索推广,搜索推广,服装,51552,1381,0.0268,606.36,0.44,32,5282.3,6,1035.94,10.42
2025-08-09,camp_微_007,食品健康-搜索推广,搜索推广,食品,128160,3318,0.0259,3910.49,1.18,47,2755.62,10,505.33,0.83
2025-08-10,camp_微_000,美妆爆款-精准人群,搜索推广,美妆,89051,2584,0.029,2778.28,1.08,27,3414.16,6,767.44,1.51
2025-08-10,camp_微_001,美妆新品-信息流,信息流,美妆,59084,2540,0.043,2556.99,1.01,51,6424.89,9,1104.01,2.94
2025-08-10,camp_微_002,食品特卖-直播推广,直播推广,食品,139609,2704,0.0194,2170.32,0.8,24,1037.43,5,297.71,0.62
2025-08-10,camp_微_003,电子数码-智能推荐,信息流,电子,87298,2764,0.0317,1749.11,0.63,51,15328.02,8,1785.45,9.78
2025-08-10,camp_微_004,电子旗舰-搜索推广,搜索推广,电子,141333,3614,0.0256,2735.1,0.76,35,12442.33,5,1705.22,5.17
2025-08-10,camp_微_005,服装上新-信息流,信息流,服装,96664,3807,0.0394,2127.85,0.56,93,15737.3,23,3834.36,9.2
2025-08-10,camp_微_006,服装大促-搜索推广,搜索推广,服装,50334,1627,0.0323,1008.03,0.62,38,6240.48,5,892.11,7.08
2025-08-10,camp_微_007,食品健康-搜索推广,搜索推广,食品,114088,3043,0.0267,2213.8,0.73,75,4451.87,9,536.26,2.25
2025-08-11,camp_微_000,美妆爆款-精准人群,搜索推广,美妆,70317,1955,0.0278,1538.58,0.79,39,4459.56,6,1019.27,3.56
2025-08-11,camp_微_001,美妆新品-信息流,信息流,美妆,142278,4524,0.0318,2153.91,0.48,49,7431.81,8,1242.18,4.03
2025-08-11,camp_微_002,食品特卖-直播推广,直播推广,食品,54945,1660,0.0302,1200.01,0.72,15,823.95,3,195.04,0.85
2025-08-11,camp_微_003,电子数码-智能推荐,信息流,电子,139833,5720,0.0409,3884.91,0.68,137,35409.46,37,13381.09,12.56
2025-08-11,camp_微_004,电子旗舰-搜索推广,搜索推广,电子,76461,2228,0.0291,2507.29,1.13,26,8721.35,7,2549.72,4.5
2025-08-11,camp_微_005,服装上新-信息流,信息流,服装,67842,2557,0.0377,2290.37,0.9,40,5998.29,9,1507.87,3.28
2025-08-11,camp_微_006,服装大促-搜索推广,搜索推广,服装,125838,3902,0.031,1616.27,0.41,91,13335.52,22,2873.38,10.03
2025-08-11,camp_微_007,食品健康-搜索推广,搜索推广,食品,115870,5178,0.0447,3071.44,0.59,72,4432.67,9,522.57,1.61
2025-08-12,camp_微_000,美妆爆款-精准人群,搜索推广,美妆,147866,4377,0.0296,2405.18,0.55,55,7855.1,10,1423.85,3.86
2025-08-12,camp_微_001,美妆新品-信息流,信息流,美妆,136472,4728,0.0346,3932.81,0.83,94,12444.41,17,2090.8,3.7
2025-08-12,camp_微_002,食品特卖-直播推广,直播推广,食品,148983,4636,0.0311,2886.6,0.62,52,2753.52,12,687.19,1.19
2025-08-12,camp_微_003,电子数码-智能推荐,信息流,电子,60293,2684,0.0445,2385.48,0.89,45,15521.71,6,2306.21,7.47
2025-08-12,camp_微_004,电子旗舰-搜索推广,搜索推广,电子,99585,2988,0.03,2090.52,0.7,25,7541.99,4,1487.43,4.32
2025-08-12,camp_微_005,服装上新-信息流,信息流,服装,61615,1580,0.0257,1067.55,0.68,24,4439.21,3,410.89,4.54
2025-08-12,camp_微_006,服装大促-搜索推广,搜索推广,服装,50703,2162,0.0426,2285.25,1.06,20,3473.25,5,735.85,1.84
2025-08-12,camp_微_007,食品健康-搜索推广,搜索推广,食品,134915,3358,0.0249,1456.14,0.43,48,2129.16,8,507.31,1.81
2025-08-13,camp_微_000,美妆爆款-精准人群,搜索推广,美妆,103364,1943,0.0188,2002.12,1.03,29,4360.33,7,1101.33,2.73
2025-08-13,camp_微_001,美妆新品-信息流,信息流,美妆,126593,4568,0.0361,2660.71,0.58,83,12203.84,21,3155.83,5.77
2025-08-13,camp_微_002,食品特卖-直播推广,直播推广,食品,146328,3371,0.023,1574.52,0.47,56,3284.69,8,471.01,2.39
2025-08-13,camp_微_003,电子数码-智能推荐,信息流,电子,141371,6354,0.0449,6432.16,1.01,72,22956.46,19,6279.51,4.55
2025-08-13,camp_微_004,电子旗舰-搜索推广,搜索推广,电子,113590,5100,0.0449,4488.94,0.88,99,35713.7,18,4609.82,8.98
2025-08-13,camp_微_005,服装上新-信息流,信息流,服装,138017,4756,0.0345,5697.8,1.2,53,10128.14,10,1814.97,2.1
2025-08-13,camp_微_006,服装大促-搜索推广,搜索推广,服装,139755,5127,0.0367,2819.91,0.55,82,12446.06,24,4518.82,6.02
2025-08-13,camp_微_007,食品健康-搜索推广,搜索推广,食品,102454,2345,0.0229,1811.09,0.77,40,2143.79,6,252.9,1.32
2025-08-14,camp_微_000,美妆爆款-精准人群,搜索推广,美妆,107221,2328,0.0217,953.59,0.41,50,7710.58,13,1869.75,10.05
2025-08-14,camp_微_001,美妆新品-信息流,信息流,美妆,71421,1723,0.0241,1209.87,0.7,35,4485.66,9,1268.95,4.76
2025-08-14,camp_微_002,食品特卖-直播推广,直播推广,食品,114420,2070,0.0181,2076.48,1.0,22,1258.38,2,141.55,0.67
2025-08-14,camp_微_003,电子数码-智能推荐,信息流,电子,79640,1809,0.0227,926.28,0.51,36,9442.22,4,1090.99,11.37
2025-08-14,camp_微_004,电子旗舰-搜索推广,搜索推广,电子,92191,2513,0.0273,2865.39,1.14,36,11814.29,9,3126.18,5.21
2025-08-14,camp_微_005,服装上新-信息流,信息流,服装,101443,4267,0.0421,2362.87,0.55,63,11318.58,18,2919.69,6.03
2025-08-14,camp_微_006,服装大促-搜索推广,搜索推广,服装,131896,3116,0.0236,2659.87,0.85,63,11878.92,18,2909.36,5.56
2025-08-14,camp_微_007,食品健康-搜索推广,搜索推广,食品,90571,2331,0.0257,2542.54,1.09,24,1537.87,6,388.92,0.76
2025-08-15,camp_微_000,美妆爆款-精准人群,搜索推广,美妆,53200,2145,0.0403,996.82,0.46,41,5577.3,7,860.45,6.46
2025-08-15,camp_微_001,美妆新品-信息流,信息流,美妆,88733,3666,0.0413,2117.13,0.58,42,5549.71,9,1375.83,3.27
2025-08-15,camp_微_002,食品特卖-直播推广,直播推广,食品,70607,1802,0.0255,1970.91,1.09,32,2148.51,5,288.54,1.24
2025-08-15,camp_微_003,电子数码-智能推荐,信息流,电子,89863,3605,0.0401,2501.16,0.69,48,16877.97,12,4126.38,8.4
2025-08-15,camp_微_004,电子旗舰-搜索推广,搜索推广,电子,54288,990,0.0182,471.22,0.48,18,5799.03,3,937.48,14.3
2025-08-15,camp_微_005,服装上新-信息流,信息流,服装,70681,3040,0.043,1493.95,0.49,36,6045.45,6,1128.28,4.8
2025-08-15,camp_微_006,服装大促-搜索推广,搜索推广,服装,140064,3588,0.0256,1965.45,0.55,63,11756.52,11,1903.15,6.95
2025-08-15,camp_微_007,食品健康-搜索推广,搜索推广,食品,79008,2022,0.0256,2284.81,1.13,41,2632.65,11,663.78,1.44
2025-08-16,camp_微_000,美妆爆款-精准人群,搜索推广,美妆,81238,2667,0.0328,1288.87,0.48,32,4550.87,5,602.6,4.0
2025-08-16,camp_微_001,美妆新品-信息流,信息流,美妆,97437,4256,0.0437,3459.91,0.81,87,11650.93,24,3310.52,4.32
2025-08-16,camp_微_002,食品特卖-直播推广,直播推广,食品,71642,2759,0.0385,1996.26,0.72,61,3386.91,6,345.08,1.87
2025-08-16,camp_微_003,电子数码-智能推荐,信息流,电子,74576,2783,0.0373,3142.12,1.13,58,19629.65,8,2255.11,6.96
2025-08-16,camp_微_004,电子旗舰-搜索推广,搜索推广,电子,113188,2467,0.0218,1365.72,0.55,45,13964.43,7,2056.08,11.73
2025-08-16,camp_微_005,服装上新-信息流,信息流,服装,134393,3646,0.0271,3153.62,0.86,40,5923.94,6,939.43,2.18
2025-08-16,camp_微_006,服装大促-搜索推广,搜索推广,服装,59297,2408,0.0406,2602.81,1.08,26,3860.38,4,635.11,1.73
2025-08-16,camp_微_007,食品健康-搜索推广,搜索推广,食品,69986,2712,0.0388,1132.05,0.42,25,1269.38,4,286.89,1.37
2025-08-17,camp_微_000,美妆爆款-精准人群,搜索推广,美妆,89874,1952,0.0217,2313.22,1.19,19,2326.45,1,111.79,1.05
2025-08-17,camp_微_001,美妆新品-信息流,信息流,美妆,95518,1768,0.0185,1759.05,0.99,40,4326.33,10,1700.84,3.43
2025-08-17,camp_微_002,食品特卖-直播推广,直播推广,食品,106568,2680,0.0252,2857.71,1.07,46,2939.9,10,704.5,1.28
2025-08-17,camp_微_003,电子数码-智能推荐,信息流,电子,110581,2146,0.0194,2354.35,1.1,17,5037.46,3,954.69,2.55
2025-08-17,camp_微_004,电子旗舰-搜索推广,搜索推广,电子,108201,4162,0.0385,4881.8,1.17,57,17420.91,15,4407.18,4.47
2025-08-17,camp_微_005,服装上新-信息流,信息流,服装,88185,1739,0.0197,1920.5,1.1,21,3642.47,4,773.41,2.3
2025-08-17,camp_微_006,服装大促-搜索推广,搜索推广,服装,133000,3012,0.0226,2283.55,0.76,65,11522.65,16,2862.58,6.3
2025-08-17,camp_微_007,食品健康-搜索推广,搜索推广,食品,56422,2292,0.0406,1469.32,0.64,41,2727.13,6,348.55,2.09
2025-08-18,camp_微_000,美妆爆款-精准人群,搜索推广,美妆,88186,2453,0.0278,2049.62,0.84,32,5624.11,7,956.81,3.21
2025-08-18,camp_微_001,美妆新品-信息流,信息流,美妆,141141,5576,0.0395,4255.79,0.76,45,5836.93,6,726.05,1.54
2025-08-18,camp_微_002,食品特卖-直播推广,直播推广,食品,123506,3516,0.0285,3936.0,1.12,48,2745.28,5,299.08,0.77
2025-08-18,camp_微_003,电子数码-智能推荐,信息流,电子,105527,3746,0.0355,3537.12,0.94,45,14645.05,9,2953.05,4.98
2025-08-18,camp_微_004,电子旗舰-搜索推广,搜索推广,电子,136350,2646,0.0194,1460.02,0.55,34,13567.84,8,2073.21,10.71
2025-08-18,camp_微_005,服装上新-信息流,信息流,服装,94359,3864,0.041,3915.84,1.01,51,10042.27,10,1695.75,3.0
2025-08-18,camp_微_006,服装大促-搜索推广,搜索推广,服装,101153,3796,0.0375,1748.38,0.46,44,6737.54,9,1565.79,4.75
2025-08-18,camp_微_007,食品健康-搜索推广,搜索推广,食品,115489,2955,0.0256,3025.47,1.02,31,2005.15,7,393.09,0.79
2025-08-19,camp_微_000,美妆爆款-精准人群,搜索推广,美妆,106877,4075,0.0381,1851.53,0.45,74,9423.4,19,2587.61,6.49
2025-08-19,camp_微_001,美妆新品-信息流,信息流,美妆,109918,3294,0.03,3130.98,0.95,38,6024.15,10,1346.48,2.35
2025-08-19,camp_微_002,食品特卖-直播推广,直播推广,食品,120437,3728,0.031,1762.22,0.47,39,2292.55,9,505.27,1.59
2025-08-19,camp_微_003,电子数码-智能推荐,信息流,电子,63396,1453,0.0229,1035.04,0.71,17,5560.03,3,864.62,6.21
2025-08-19,camp_微_004,电子旗舰-搜索推广,搜索推广,电子,80834,1491,0.0185,1228.93,0.82,13,3700.94,2,591.53,3.49
2025-08-19,camp_微_005,服装上新-信息流,信息流,服装,104437,3236,0.031,2751.63,0.85,32,6556.66,7,1254.95,2.84
2025-08-19,camp_微_006,服装大促-搜索推广,搜索推广,服装,66058,1968,0.0298,1013.78,0.52,44,7807.4,10,1618.05,9.3
2025-08-19,camp_微_007,食品健康-搜索推广,搜索推广,食品,133758,4567,0.0342,4538.59,0.99,54,3316.44,13,701.65,0.89
2025-08-20,camp_微_000,美妆爆款-精准人群,搜索推广,美妆,69799,2327,0.0333,2510.91,1.08,34,4958.01,7,1014.9,2.38
2025-08-20,camp_微_001,美妆新品-信息流,信息流,美妆,63777,2498,0.0392,2365.84,0.95,39,6061.17,7,889.33,2.94
2025-08-20,camp_微_002,食品特卖-直播推广,直播推广,食品,98954,2186,0.0221,1060.0,0.48,49,2680.36,9,591.52,3.09
2025-08-20,camp_微_003,电子数码-智能推荐,信息流,电子,84358,2548,0.0302,2290.12,0.9,32,9093.95,8,2633.66,5.12
2025-08-20,camp_微_004,电子旗舰-搜索推广,搜索推广,电子,65045,2025,0.0311,2375.24,1.17,37,11439.38,5,1453.65,5.43
2025-08-20,camp_微_005,服装上新-信息流,信息流,服装,108314,3391,0.0313,1397.57,0.41,35,5881.01,9,1504.43,5.28
2025-08-20,camp_微_006,服装大促-搜索推广,搜索推广,服装,83234,1878,0.0226,1141.92,0.61,28,5301.94,6,1009.39,5.53
2025-08-20,camp_微_007,食品健康-搜索推广,搜索推广,食品,81668,2393,0.0293,2280.7,0.95,32,1917.72,5,296.24,0.97
2025-08-21,camp_微_000,美妆爆款-精准人群,搜索推广,美妆,67572,2524,0.0374,2445.27,0.97,50,7270.85,5,742.83,3.28
2025-08-21,camp_微_001,美妆新品-信息流,信息流,美妆,92285,1885,0.0204,1413.38,0.75,27,3234.11,3,407.99,2.58
2025-08-21,camp_微_002,食品特卖-直播推广,直播推广,食品,84138,3488,0.0415,2267.31,0.65,64,4084.26,13,836.84,2.17
2025-08-21,camp_微_003,电子数码-智能推荐,信息流,电子,92484,4144,0.0448,2297.08,0.55,63,20220.1,11,3600.19,10.37
2025-08-21,camp_微_004,电子旗舰-搜索推广,搜索推广,电子,144267,6161,0.0427,4385.65,0.71,65,24391.86,13,4591.1,6.61
2025-08-21,camp_微_005,服装上新-信息流,信息流,服装,111354,3932,0.0353,2012.41,0.51,65,10122.97,7,1159.03,5.61
2025-08-21,camp_微_006,服装大促-搜索推广,搜索推广,服装,140763,4716,0.0335,5491.98,1.16,100,13407.26,18,3146.46,3.01
2025-08-21,camp_微_007,食品健康-搜索推广,搜索推广,食品,70671,2366,0.0335,2710.25,1.15,43,2387.79,7,367.44,1.02
2025-08-22,camp_微_000,美妆爆款-精准人群,搜索推广,美妆,54960,2209,0.0402,2330.7,1.06,20,2366.31,5,583.49,1.27
2025-08-22,camp_微_001,美妆新品-信息流,信息流,美妆,146108,3560,0.0244,4176.65,1.17,79,11816.31,20,2734.21,3.48
2025-08-22,camp_微_002,食品特卖-直播推广,直播推广,食品,114821,4213,0.0367,4342.37,1.03,47,2561.51,9,530.16,0.71
2025-08-22,camp_微_003,电子数码-智能推荐,信息流,电子,64731,2113,0.0326,2477.65,1.17,47,16439.47,12,3766.5,8.16
2025-08-22,camp_微_004,电子旗舰-搜索推广,搜索推广,电子,55154,1057,0.0192,645.86,0.61,24,7940.25,4,1533.8,14.67
2025-08-22,camp_微_005,服装上新-信息流,信息流,服装,65959,2529,0.0384,1172.65,0.46,22,3403.73,2,319.1,3.17
2025-08-22,camp_微_006,服装大促-搜索推广,搜索推广,服装,104954,3557,0.0339,3266.1,0.92,35,5958.86,8,1282.82,2.22
2025-08-22,camp_微_007,食品健康-搜索推广,搜索推广,食品,108693,3345,0.0308,3642.31,1.09,47,3116.54,11,671.7,1.04
2025-08-23,camp_微_000,美妆爆款-精准人群,搜索推广,美妆,111208,2113,0.019,2207.24,1.04,40,5493.09,6,934.67,2.91
2025-08-23,camp_微_001,美妆新品-信息流,信息流,美妆,68274,2636,0.0386,2532.08,0.96,22,2692.48,4,652.3,1.32
2025-08-23,camp_微_002,食品特卖-直播推广,直播推广,食品,64870,1521,0.0235,928.96,0.61,16,961.47,2,127.46,1.17
2025-08-23,camp_微_003,电子数码-智能推荐,信息流,电子,55847,1579,0.0283,1441.65,0.91,27,8231.38,7,2300.74,7.31
2025-08-23,camp_微_004,电子旗舰-搜索推广,搜索推广,电子,136416,4260,0.0312,3512.09,0.82,53,15015.23,14,4819.57,5.65
2025-08-23,camp_微_005,服装上新-信息流,信息流,服装,139931,6280,0.0449,6371.52,1.01,90,12372.56,12,2078.66,2.27
2025-08-23,camp_微_006,服装大促-搜索推广,搜索推广,服装,88374,2084,0.0236,2440.94,1.17,32,5798.14,5,893.72,2.74
2025-08-23,camp_微_007,食品健康-搜索推广,搜索推广,食品,115729,4004,0.0346,2028.23,0.51,41,2772.62,10,656.55,1.69
2025-08-24,camp_微_000,美妆爆款-精准人群,搜索推广,美妆,94596,3636,0.0384,2497.99,0.69,60,7694.33,12,1300.91,3.6
2025-08-24,camp_微_001,美妆新品-信息流,信息流,美妆,67701,1835,0.0271,1967.27,1.07,44,6472.15,8,1219.59,3.91
2025-08-24,camp_微_002,食品特卖-直播推广,直播推广,食品,60393,1466,0.0243,1479.3,1.01,24,1445.38,4,225.71,1.13
2025-08-24,camp_微_003,电子数码-智能推荐,信息流,电子,114898,4439,0.0386,4429.4,1.0,44,13321.49,8,3154.96,3.72
2025-08-24,camp_微_004,电子旗舰-搜索推广,搜索推广,电子,119460,3555,0.0298,2363.6,0.66,61,19333.84,17,4613.46,10.13
2025-08-24,camp_微_005,服装上新-信息流,信息流,服装,121862,2221,0.0182,2089.5,0.94,18,3106.07,2,279.72,1.62
2025-08-24,camp_微_006,服装大促-搜索推广,搜索推广,服装,64757,2560,0.0395,2579.23,1.01,41,6656.65,11,1790.81,3.28
2025-08-24,camp_微_007,食品健康-搜索推广,搜索推广,食品,138675,2941,0.0212,3262.9,1.11,49,2944.75,8,470.71,1.05
2025-08-25,camp_微_000,美妆爆款-精准人群,搜索推广,美妆,109935,2734,0.0249,1842.24,0.67,25,2889.96,5,703.18,1.95
2025-08-25,camp_微_001,美妆新品-信息流,信息流,美妆,79198,2647,0.0334,2912.36,1.1,32,4078.61,5,632.08,1.62
2025-08-25,camp_微_002,食品特卖-直播推广,直播推广,食品,104698,4369,0.0417,3355.77,0.77,39,2616.2,11,530.41,0.94
2025-08-25,camp_微_003,电子数码-智能推荐,信息流,电子,136780,5715,0.0418,2643.28,0.46,95,32369.84,19,6758.45,14.8
2025-08-25,camp_微_004,电子旗舰-搜索推广,搜索推广,电子,79482,3140,0.0395,3726.01,1.19,36,10735.23,7,2473.06,3.54
2025-08-25,camp_微_005,服装上新-信息流,信息流,服装,72758,1522,0.0209,1454.2,0.96,37,5491.29,6,1005.93,4.47
2025-08-25,camp_微_006,服装大促-搜索推广,搜索推广,服装,78541,1512,0.0193,1763.32,1.17,34,5699.27,7,1148.98,3.88
2025-08-25,camp_微_007,食品健康-搜索推广,搜索推广,食品,55877,1963,0.0351,1126.12,0.57,28,1725.16,7,469.72,1.95
2025-08-26,camp_微_000,美妆爆款-精准人群,搜索推广,美妆,86765,3339,0.0385,2504.01,0.75,66,9122.76,10,1309.16,4.17
2025-08-26,camp_微_001,美妆新品-信息流,信息流,美妆,89247,3543,0.0397,1589.57,0.45,50,6868.93,11,1578.92,5.31
2025-08-26,camp_微_002,食品特卖-直播推广,直播推广,食品,82317,1571,0.0191,1681.37,1.07,23,1431.22,6,330.66,1.05
2025-08-26,camp_微_003,电子数码-智能推荐,信息流,电子,75267,2596,0.0345,1685.95,0.65,32,9901.83,5,1838.26,6.96
2025-08-26,camp_微_004,电子旗舰-搜索推广,搜索推广,电子,106988,4451,0.0416,4860.65,1.09,39,12728.74,11,3553.45,3.35
2025-08-26,camp_微_005,服装上新-信息流,信息流,服装,52910,2045,0.0387,1040.46,0.51,21,3735.94,3,516.84,4.09
2025-08-26,camp_微_006,服装大促-搜索推广,搜索推广,服装,64574,2431,0.0377,1725.59,0.71,51,8525.51,7,1085.82,5.57
2025-08-26,camp_微_007,食品健康-搜索推广,搜索推广,食品,144862,3836,0.0265,2404.47,0.63,73,5171.87,8,450.74,2.34
2025-08-27,camp_微_000,美妆爆款-精准人群,搜索推广,美妆,71794,2212,0.0308,2653.26,1.2,45,4722.12,8,1197.32,2.23
2025-08-27,camp_微_001,美妆新品-信息流,信息流,美妆,110409,4092,0.0371,4380.51,1.07,66,8077.28,17,2218.14,2.35
2025-08-27,camp_微_002,食品特卖-直播推广,直播推广,食品,99075,2257,0.0228,959.39,0.43,40,2362.07,11,683.42,3.17
2025-08-27,camp_微_003,电子数码-智能推荐,信息流,电子,92978,3001,0.0323,2569.85,0.86,24,7168.16,6,1676.55,3.44
2025-08-27,camp_微_004,电子旗舰-搜索推广,搜索推广,电子,61130,1187,0.0194,1348.81,1.14,20,6488.14,4,1258.29,5.74
2025-08-27,camp_微_005,服装上新-信息流,信息流,服装,84925,3606,0.0425,3197.5,0.89,44,8150.29,4,651.74,2.75
2025-08-27,camp_微_006,服装大促-搜索推广,搜索推广,服装,116754,3632,0.0311,3934.08,1.08,50,8971.98,13,2435.33,2.9
2025-08-27,camp_微_007,食品健康-搜索推广,搜索推广,食品,88436,2182,0.0247,2599.83,1.19,21,1136.73,2,109.04,0.48
2025-08-28,camp_微_000,美妆爆款-精准人群,搜索推广,美妆,140845,4345,0.0309,3266.02,0.75,53,7206.52,15,2255.37,2.9
2025-08-28,camp_微_001,美妆新品-信息流,信息流,美妆,92858,3668,0.0395,3201.98,0.87,86,12033.61,22,3150.16,4.74
2025-08-28,camp_微_002,食品特卖-直播推广,直播推广,食品,143366,5244,0.0366,2387.31,0.46,49,2729.79,11,541.87,1.37
2025-08-28,camp_微_003,电子数码-智能推荐,信息流,电子,69141,1867,0.027,1996.46,1.07,26,8735.41,2,636.76,4.69
2025-08-28,camp_微_004,电子旗舰-搜索推广,搜索推广,电子,57531,1225,0.0213,1105.99,0.9,9,2694.16,1,331.97,2.74
2025-08-28,camp_微_005,服装上新-信息流,信息流,服装,74156,2368,0.0319,2090.13,0.88,29,4427.07,4,646.52,2.43
2025-08-28,camp_微_006,服装大促-搜索推广,搜索推广,服装,83473,2721,0.0326,2641.1,0.97,67,10051.6,19,3538.97,5.15
2025-08-28,camp_微_007,食品健康-搜索推广,搜索推广,食品,57472,1303,0.0227,544.16,0.42,14,636.03,2,122.2,1.39
2025-08-29,camp_微_000,美妆爆款-精准人群,搜索推广,美妆,93129,2219,0.0238,2602.67,1.17,40,6250.68,9,1290.81,2.9
2025-08-29,camp_微_001,美妆新品-信息流,信息流,美妆,119493,3107,0.026,2213.77,0.71,58,7121.68,7,877.46,3.61
2025-08-29,camp_微_002,食品特卖-直播推广,直播推广,食品,71359,2829,0.0397,2628.3,0.93,26,1423.56,3,208.51,0.62
2025-08-29,camp_微_003,电子数码-智能推荐,信息流,电子,81239,3411,0.042,2353.93,0.69,58,17866.56,11,3896.14,9.25
2025-08-29,camp_微_004,电子旗舰-搜索推广,搜索推广,电子,84263,2355,0.028,2655.36,1.13,55,19106.75,5,1621.47,7.81
2025-08-29,camp_微_005,服装上新-信息流,信息流,服装,109034,2478,0.0227,2680.47,1.08,26,3566.38,5,871.44,1.66
2025-08-29,camp_微_006,服装大促-搜索推广,搜索推广,服装,59044,1787,0.0303,1755.0,0.98,42,7587.47,6,962.43,4.87
2025-08-29,camp_微_007,食品健康-搜索推广,搜索推广,食品,83595,2347,0.0281,1353.77,0.58,18,980.33,5,291.84,0.94
2025-08-30,camp_微_000,美妆爆款-精准人群,搜索推广,美妆,89686,1832,0.0204,990.82,0.54,23,2846.51,6,759.26,3.64
2025-08-30,camp_微_001,美妆新品-信息流,信息流,美妆,122256,3369,0.0276,3533.18,1.05,76,11464.49,9,1313.38,3.62
2025-08-30,camp_微_002,食品特卖-直播推广,直播推广,食品,109774,3736,0.034,4410.67,1.18,32,1736.04,3,169.33,0.43
2025-08-30,camp_微_003,电子数码-智能推荐,信息流,电子,149683,4684,0.0313,3330.13,0.71,53,19856.98,7,2304.73,6.65
2025-08-30,camp_微_004,电子旗舰-搜索推广,搜索推广,电子,85511,3062,0.0358,1476.53,0.48,40,13329.43,6,1847.37,10.28
2025-08-30,camp_微_005,服装上新-信息流,信息流,服装,73539,2740,0.0373,3032.3,1.11,45,7474.94,13,2392.01,3.25
2025-08-30,camp_微_006,服装大促-搜索推广,搜索推广,服装,87532,2678,0.0306,2319.99,0.87,26,3720.49,7,1209.6,2.13
2025-08-30,camp_微_007,食品健康-搜索推广,搜索推广,食品,123554,2859,0.0231,2534.84,0.89,26,1769.58,7,398.91,0.86
2025-08-31,camp_微_000,美妆爆款-精准人群,搜索推广,美妆,54899,2432,0.0443,1813.09,0.75,54,6826.58,10,1476.58,4.58
2025-08-31,camp_微_001,美妆新品-信息流,信息流,美妆,125397,3098,0.0247,2114.31,0.68,38,5515.56,10,1473.51,3.31
2025-08-31,camp_微_002,食品特卖-直播推广,直播推广,食品,117239,2539,0.0217,2403.31,0.95,34,2439.15,5,281.17,1.13
2025-08-31,camp_微_003,电子数码-智能推荐,信息流,电子,100412,2269,0.0226,2335.13,1.03,22,7329.43,4,980.35,3.56
2025-08-31,camp_微_004,电子旗舰-搜索推广,搜索推广,电子,50157,2216,0.0442,2436.89,1.1,50,17941.64,14,4115.87,9.05
2025-08-31,camp_微_005,服装上新-信息流,信息流,服装,63599,2113,0.0332,1246.08,0.59,35,4443.69,9,1424.39,4.71
2025-08-31,camp_微_006,服装大促-搜索推广,搜索推广,服装,60527,1297,0.0214,1397.36,1.08,30,5325.93,3,455.43,4.14
2025-08-31,camp_微_007,食品健康-搜索推广,搜索推广,食品,142541,4548,0.0319,2840.5,0.62,73,4535.46,9,566.73,1.8
